{"accuracy":0.9333333333333333,"_timestamp":1.7611396567322888e+09,"_step":0,"_wandb":{"runtime":6},"_runtime":6}